archive_path,filename,file_type,size_bytes,sha256,exam_board,subject,level,syllabus_code,year_edition,likely_category
E-Library-20260722T233918Z-1-001/E-Library/AS and A Level/E Books/Accounting/Cambridge International AS _ A Level Accounting Coursebook.pdf,Cambridge International AS _ A Level Accounting Coursebook.pdf,PDF,7881167,f7d9a51f2ac47367a0d5bc39320102eecc707f2d2eee1926c00668fabbbf3a22,Cambridge International,Accounting,Cambridge International AS & A Level,Unknown,Unknown,Textbook / coursebook
E-Library-20260722T233918Z-1-001/E-Library/AS and A Level/E Books/Business/Cambridge International AS  A Level Business Coursebook  4th edition.pdf,Cambridge International AS  A Level Business Coursebook  4th edition.pdf,PDF,11032882,7ebe9c208cd1df5799714e0018aafede8f94c766b42efbb80507cd7877cde98d,Cambridge International,Business,Cambridge International AS & A Level,Unknown,4th edition,Textbook / coursebook
E-Library-20260722T233918Z-1-001/E-Library/AS and A Level/E Books/Chemistry/Cambridge International AS _ A Level Chemistry Digital Practical Workbook (2 Years) - Cambridge University Press (2020).pdf,Cambridge International AS _ A Level Chemistry Digital Practical Workbook (2 Years) - Cambridge University Press (2020).pdf,PDF,7266549,d3e7950e897400b6fe1ac20a3dc0dc815ad0e16d9b3638875fae1f0630bc5229,Cambridge International,Chemistry,Cambridge International AS & A Level,Unknown,2020,Workbook / practice
E-Library-20260722T233918Z-1-001/E-Library/AS and A Level/E Books/Chemistry/Cambridge International AS _ A Level Chemistry Workbook with Digital Access (2 Years) - Cambridge University Press (2020).pdf,Cambridge International AS _ A Level Chemistry Workbook with Digital Access (2 Years) - Cambridge University Press (2020).pdf,PDF,8990348,c11bdf91e5f77233c979d48d2fd7ab942b7396489674f990772d7c4343cfbc51,Cambridge International,Chemistry,Cambridge International AS & A Level,Unknown,2020,Workbook / practice
E-Library-20260722T233918Z-1-001/E-Library/AS and A Level/E Books/Chemistry/Coursebook Answers/coursebook_answers_chapter_10_asal_chemistry.pdf,coursebook_answers_chapter_10_asal_chemistry.pdf,PDF,50332,6e4dfecc281af481ed5c37bb9f4bb960c2c8e30abfbac192f4a351a527418320,Unknown,Chemistry,Cambridge International AS & A Level,Unknown,Unknown,Answer key / worked solutions
E-Library-20260722T233918Z-1-001/E-Library/AS and A Level/E Books/Chemistry/Coursebook Answers/coursebook_answers_chapter_11_asal_chemistry.pdf,coursebook_answers_chapter_11_asal_chemistry.pdf,PDF,91123,2af97c32272004378852b42bfead4137a10ec74b2b211a49d1e0c7a0debb1c19,Unknown,Chemistry,Cambridge International AS & A Level,Unknown,Unknown,Answer key / worked solutions
E-Library-20260722T233918Z-1-001/E-Library/AS and A Level/E Books/Chemistry/Coursebook Answers/coursebook_answers_chapter_12_asal_chemistry.pdf,coursebook_answers_chapter_12_asal_chemistry.pdf,PDF,45195,a60a232d8da0b12d09226ebd46264ca8c28779c99382a06d8cf20d7999b23736,Unknown,Chemistry,Cambridge International AS & A Level,Unknown,Unknown,Answer key / worked solutions
E-Library-20260722T233918Z-1-001/E-Library/AS and A Level/E Books/Chemistry/Coursebook Answers/coursebook_answers_chapter_13_asal_chemistry.pdf,coursebook_answers_chapter_13_asal_chemistry.pdf,PDF,41496,5d48d7df32d76b7467c97bae8d24d24454e3922a3757a430afa9fdc3e4136e17,Unknown,Chemistry,Cambridge International AS & A Level,Unknown,Unknown,Answer key / worked solutions
E-Library-20260722T233918Z-1-001/E-Library/AS and A Level/E Books/Chemistry/Coursebook Answers/coursebook_answers_chapter_14_asal_chemistry.pdf,coursebook_answers_chapter_14_asal_chemistry.pdf,PDF,352704,6ef6d5edca9bdfbb2aa9380d1be3d8fc740d20fa483694257e7f934437cafdbd,Unknown,Chemistry,Cambridge International AS & A Level,Unknown,Unknown,Answer key / worked solutions
E-Library-20260722T233918Z-1-001/E-Library/AS and A Level/E Books/Chemistry/Coursebook Answers/coursebook_answers_chapter_15_asal_chemistry.pdf,coursebook_answers_chapter_15_asal_chemistry.pdf,PDF,239217,969668d37b60f70ff1e72765459d04db43b93d29920aed92b906fab445c23036,Unknown,Chemistry,Cambridge International AS & A Level,Unknown,Unknown,Answer key / worked solutions
E-Library-20260722T233918Z-1-001/E-Library/AS and A Level/E Books/Chemistry/Coursebook Answers/coursebook_answers_chapter_16_asal_chemistry.pdf,coursebook_answers_chapter_16_asal_chemistry.pdf,PDF,87650,70192cc749722b67856cd5e1ec5529516e9930ef68e0b9f2926a16daa354fdb7,Unknown,Chemistry,Cambridge International AS & A Level,Unknown,Unknown,Answer key / worked solutions
E-Library-20260722T233918Z-1-001/E-Library/AS and A Level/E Books/Chemistry/Coursebook Answers/coursebook_answers_chapter_17_asal_chemistry.pdf,coursebook_answers_chapter_17_asal_chemistry.pdf,PDF,112779,4410fce7c2b32ece2508c24935a02c8bd5fd5179320d5ca87ce6765e03fc7c92,Unknown,Chemistry,Cambridge International AS & A Level,Unknown,Unknown,Answer key / worked solutions
E-Library-20260722T233918Z-1-001/E-Library/AS and A Level/E Books/Chemistry/Coursebook Answers/coursebook_answers_chapter_18_asal_chemistry.pdf,coursebook_answers_chapter_18_asal_chemistry.pdf,PDF,285079,b1b2e307eddb5d0643e083608843696621bfb1a85cf7ef9a4aa8738e326289a5,Unknown,Chemistry,Cambridge International AS & A Level,Unknown,Unknown,Answer key / worked solutions
E-Library-20260722T233918Z-1-001/E-Library/AS and A Level/E Books/Chemistry/Coursebook Answers/coursebook_answers_chapter_19_asal_chemistry.pdf,coursebook_answers_chapter_19_asal_chemistry.pdf,PDF,269991,985c71fdac66b426b6949df0d8fd7955def2ace0e1fd22a6991c92f41f00fe11,Unknown,Chemistry,Cambridge International AS & A Level,Unknown,Unknown,Answer key / worked solutions
E-Library-20260722T233918Z-1-001/E-Library/AS and A Level/E Books/Chemistry/Coursebook Answers/coursebook_answers_chapter_1_asal_chemistry.pdf,coursebook_answers_chapter_1_asal_chemistry.pdf,PDF,49821,97557769d8d353f02a00dada4a49d54832f6b95769923283d358eecf912d80e4,Unknown,Chemistry,Cambridge International AS & A Level,Unknown,Unknown,Answer key / worked solutions
E-Library-20260722T233918Z-1-001/E-Library/AS and A Level/E Books/Chemistry/Coursebook Answers/coursebook_answers_chapter_20_asal_chemistry.pdf,coursebook_answers_chapter_20_asal_chemistry.pdf,PDF,281435,ef3a97c2d911b263dbe668b762d82da10cc34c3289e6922ec29a11c4bec1b07f,Unknown,Chemistry,Cambridge International AS & A Level,Unknown,Unknown,Answer key / worked solutions
E-Library-20260722T233918Z-1-001/E-Library/AS and A Level/E Books/Chemistry/Coursebook Answers/coursebook_answers_chapter_21_asal_chemistry.pdf,coursebook_answers_chapter_21_asal_chemistry.pdf,PDF,161262,1404eb3cae8f5b7039a6c54ebfe8ef109a395733a23b2d5dfc47a909f16eaebd,Unknown,Chemistry,Cambridge International AS & A Level,Unknown,Unknown,Answer key / worked solutions
E-Library-20260722T233918Z-1-001/E-Library/AS and A Level/E Books/Chemistry/Coursebook Answers/coursebook_answers_chapter_22_asal_chemistry.pdf,coursebook_answers_chapter_22_asal_chemistry.pdf,PDF,212840,1f6faa4dfaf95d8c632541fc73cb2f06beaaae4ad6624a2328a4c17c395b4dfc,Unknown,Chemistry,Cambridge International AS & A Level,Unknown,Unknown,Answer key / worked solutions
E-Library-20260722T233918Z-1-001/E-Library/AS and A Level/E Books/Chemistry/Coursebook Answers/coursebook_answers_chapter_23_asal_chemistry.pdf,coursebook_answers_chapter_23_asal_chemistry.pdf,PDF,391227,7f1c6ae9a1f39983230f33c0aed6e05da67184c39052e6fdc4e14b85b7e07bfe,Unknown,Chemistry,Cambridge International AS & A Level,Unknown,Unknown,Answer key / worked solutions
E-Library-20260722T233918Z-1-001/E-Library/AS and A Level/E Books/Chemistry/Coursebook Answers/coursebook_answers_chapter_24_asal_chemistry.pdf,coursebook_answers_chapter_24_asal_chemistry.pdf,PDF,195980,c2f85acc0f3b45ae5cd9c552786578f9cae49b1c86252a827b691be9b5066083,Unknown,Chemistry,Cambridge International AS & A Level,Unknown,Unknown,Answer key / worked solutions
E-Library-20260722T233918Z-1-001/E-Library/AS and A Level/E Books/Chemistry/Coursebook Answers/coursebook_answers_chapter_25_asal_chemistry.pdf,coursebook_answers_chapter_25_asal_chemistry.pdf,PDF,210244,0a46a81e224ad5587285cb29e7ee0c37e31aca57d54f44811181e3a5c3f466ef,Unknown,Chemistry,Cambridge International AS & A Level,Unknown,Unknown,Answer key / worked solutions
E-Library-20260722T233918Z-1-001/E-Library/AS and A Level/E Books/Chemistry/Coursebook Answers/coursebook_answers_chapter_26_asal_chemistry.pdf,coursebook_answers_chapter_26_asal_chemistry.pdf,PDF,76191,edba3be28108840e1463104a3bae36bad28786e3383f452f764a9410d09f92a5,Unknown,Chemistry,Cambridge International AS & A Level,Unknown,Unknown,Answer key / worked solutions
E-Library-20260722T233918Z-1-001/E-Library/AS and A Level/E Books/Chemistry/Coursebook Answers/coursebook_answers_chapter_27_asal_chemistry.pdf,coursebook_answers_chapter_27_asal_chemistry.pdf,PDF,231290,fff67e0550619cf56988a4594b8d26cb085ca76f1d9dc104968ce813b27478a5,Unknown,Chemistry,Cambridge International AS & A Level,Unknown,Unknown,Answer key / worked solutions
E-Library-20260722T233918Z-1-001/E-Library/AS and A Level/E Books/Chemistry/Coursebook Answers/coursebook_answers_chapter_28_asal_chemistry.pdf,coursebook_answers_chapter_28_asal_chemistry.pdf,PDF,264004,53b3361648ac97604c41afdc0e8356fc0c889b433bc42d3a073121ac193cc2cd,Unknown,Chemistry,Cambridge International AS & A Level,Unknown,Unknown,Answer key / worked solutions
E-Library-20260722T233918Z-1-001/E-Library/AS and A Level/E Books/Chemistry/Coursebook Answers/coursebook_answers_chapter_29_asal_chemistry.pdf,coursebook_answers_chapter_29_asal_chemistry.pdf,PDF,123417,ba7d907208f5860a0c09a14983d9ee720bbf69b7d10063837126a96726c08ee2,Unknown,Chemistry,Cambridge International AS & A Level,Unknown,Unknown,Answer key / worked solutions
E-Library-20260722T233918Z-1-001/E-Library/AS and A Level/E Books/Chemistry/Coursebook Answers/coursebook_answers_chapter_2_asal_chemistry.pdf,coursebook_answers_chapter_2_asal_chemistry.pdf,PDF,83988,02a63626dfe8bdca9a72624e97b8b3ed518101912c36d21e601f3b246801a751,Unknown,Chemistry,Cambridge International AS & A Level,Unknown,Unknown,Answer key / worked solutions
E-Library-20260722T233918Z-1-001/E-Library/AS and A Level/E Books/Chemistry/Coursebook Answers/coursebook_answers_chapter_30_asal_chemistry.pdf,coursebook_answers_chapter_30_asal_chemistry.pdf,PDF,188460,bef15870d148aed1a090d94d202d16ac5ecd51a665a11794651b1a15dc65b627,Unknown,Chemistry,Cambridge International AS & A Level,Unknown,Unknown,Answer key / worked solutions
E-Library-20260722T233918Z-1-001/E-Library/AS and A Level/E Books/Chemistry/Coursebook Answers/coursebook_answers_chapter_3_asal_chemistry.pdf,coursebook_answers_chapter_3_asal_chemistry.pdf,PDF,129338,232e85f85cd2a600ec8fce3a5d70d19d9c0223a7a862651533cd032ad1048fb9,Unknown,Chemistry,Cambridge International AS & A Level,Unknown,Unknown,Answer key / worked solutions
E-Library-20260722T233918Z-1-001/E-Library/AS and A Level/E Books/Chemistry/Coursebook Answers/coursebook_answers_chapter_4_asal_chemistry.pdf,coursebook_answers_chapter_4_asal_chemistry.pdf,PDF,607923,622516452f91227e968ab1078c5bfaa6735bf513e091dc0c236658feaf7af760,Unknown,Chemistry,Cambridge International AS & A Level,Unknown,Unknown,Answer key / worked solutions
E-Library-20260722T233918Z-1-001/E-Library/AS and A Level/E Books/Chemistry/Coursebook Answers/coursebook_answers_chapter_5_asal_chemistry.pdf,coursebook_answers_chapter_5_asal_chemistry.pdf,PDF,79161,44d28cacaf477f9bc0d55e22bc872ba1a7bbd8eea3f460866e50fa5895a014ad,Unknown,Chemistry,Cambridge International AS & A Level,Unknown,Unknown,Answer key / worked solutions
E-Library-20260722T233918Z-1-001/E-Library/AS and A Level/E Books/Chemistry/Coursebook Answers/coursebook_answers_chapter_6_asal_chemistry.pdf,coursebook_answers_chapter_6_asal_chemistry.pdf,PDF,180787,7f421fbbb7db431651bfe2d4657d76a4f9de917885983562dcb1b3830c1f2b3b,Unknown,Chemistry,Cambridge International AS & A Level,Unknown,Unknown,Answer key / worked solutions
E-Library-20260722T233918Z-1-001/E-Library/AS and A Level/E Books/Chemistry/Coursebook Answers/coursebook_answers_chapter_7_asal_chemistry.pdf,coursebook_answers_chapter_7_asal_chemistry.pdf,PDF,47413,01539efd9b690e898b4e59589d43d02d1d3725428be5385eb872232a0c10a150,Unknown,Chemistry,Cambridge International AS & A Level,Unknown,Unknown,Answer key / worked solutions
E-Library-20260722T233918Z-1-001/E-Library/AS and A Level/E Books/Chemistry/Coursebook Answers/coursebook_answers_chapter_8_asal_chemistry.pdf,coursebook_answers_chapter_8_asal_chemistry.pdf,PDF,173796,1e71531586f911db436a477e1431720b969b45b7db8ceba90067f6a42e3e59b7,Unknown,Chemistry,Cambridge International AS & A Level,Unknown,Unknown,Answer key / worked solutions
E-Library-20260722T233918Z-1-001/E-Library/AS and A Level/E Books/Chemistry/Coursebook Answers/coursebook_answers_chapter_9_asal_chemistry.pdf,coursebook_answers_chapter_9_asal_chemistry.pdf,PDF,207289,96e67b24d1f3ec8896ee424ef97f31aab86a2c854f96d2c76080d0ee620552a5,Unknown,Chemistry,Cambridge International AS & A Level,Unknown,Unknown,Answer key / worked solutions
E-Library-20260722T233918Z-1-001/E-Library/AS and A Level/E Books/Chemistry/Coursebook Answers/coursebook_answers_chapter_P1_asal_chemistry.pdf,coursebook_answers_chapter_P1_asal_chemistry.pdf,PDF,51778,c24b7284a0f91800a18a6bb463998f87977797ed5c3a9912812de31a9ead2764,Unknown,Chemistry,Cambridge International AS & A Level,Unknown,Unknown,Answer key / worked solutions
E-Library-20260722T233918Z-1-001/E-Library/AS and A Level/E Books/Chemistry/Coursebook Answers/coursebook_answers_chapter_P2_asal_chemistry.pdf,coursebook_answers_chapter_P2_asal_chemistry.pdf,PDF,57371,bd8847fa29f890ff67f3f702b03127ee527de1b80bc0e4f73d236846321ad8ea,Unknown,Chemistry,Cambridge International AS & A Level,Unknown,Unknown,Answer key / worked solutions
E-Library-20260722T233918Z-1-001/E-Library/AS and A Level/E Books/Computer Science/Cambridge International As _ A Level Computer Science Revision Guide.pdf,Cambridge International As _ A Level Computer Science Revision Guide.pdf,PDF,1715077,3c438d73fabd86de07c355b58a799ca88b02b4930044b776e8b5e86c7d927a0b,Cambridge International,Computer Science,Cambridge International AS & A Level,Unknown,Unknown,Revision guide
E-Library-20260722T233918Z-1-001/E-Library/AS and A Level/E Books/Computer Science/Computer Science Answers/Chapter 1 SB Answers.pdf,Chapter 1 SB Answers.pdf,PDF,277440,0bf5ae39701078be3eb772586bdd76d50ca86bb648b83d4fb57b373c6791050e,Unknown,Computer Science,Cambridge International AS & A Level,Unknown,Unknown,Answer key / worked solutions
E-Library-20260722T233918Z-1-001/E-Library/AS and A Level/E Books/Computer Science/Computer Science Answers/Chapter 10 SB Answers.pdf,Chapter 10 SB Answers.pdf,PDF,295648,e5397b5c65b4d98bd873107d60bf574250fb00504042e3c7c5f0ff8f2ccf2d89,Unknown,Computer Science,Cambridge International AS & A Level,Unknown,Unknown,Answer key / worked solutions
E-Library-20260722T233918Z-1-001/E-Library/AS and A Level/E Books/Computer Science/Computer Science Answers/Chapter 11 SB Answers.pdf,Chapter 11 SB Answers.pdf,PDF,238106,eb9e8411dea1880653d4e79aa68ebbbd19ba9a3db8a571657e9f9bfc03a40b74,Unknown,Computer Science,Cambridge International AS & A Level,Unknown,Unknown,Answer key / worked solutions
E-Library-20260722T233918Z-1-001/E-Library/AS and A Level/E Books/Computer Science/Computer Science Answers/Chapter 12 SB Answers.pdf,Chapter 12 SB Answers.pdf,PDF,586331,21ad5a956e4b5c18cc7df93fc27129599958902b68dea06351e68e2c9f5f48e4,Unknown,Computer Science,Cambridge International AS & A Level,Unknown,Unknown,Answer key / worked solutions
E-Library-20260722T233918Z-1-001/E-Library/AS and A Level/E Books/Computer Science/Computer Science Answers/Chapter 13 SB Answers.pdf,Chapter 13 SB Answers.pdf,PDF,296044,a86f464977d6437e38ed889cab3b7653516ff8cefec7218a6c3e32d072076bca,Unknown,Computer Science,Cambridge International AS & A Level,Unknown,Unknown,Answer key / worked solutions
E-Library-20260722T233918Z-1-001/E-Library/AS and A Level/E Books/Computer Science/Computer Science Answers/Chapter 14 SB Answers.pdf,Chapter 14 SB Answers.pdf,PDF,297424,a7130fdfe4065a3219ff9546a08a9c89b09a41a5a3df77b637b59f5fdf5c8007,Unknown,Computer Science,Cambridge International AS & A Level,Unknown,Unknown,Answer key / worked solutions
E-Library-20260722T233918Z-1-001/E-Library/AS and A Level/E Books/Computer Science/Computer Science Answers/Chapter 15 SB Answers.pdf,Chapter 15 SB Answers.pdf,PDF,421530,fab2673c804b2471469147b226c67dbcf09a21f0e062a669e15635d1104e435a,Unknown,Computer Science,Cambridge International AS & A Level,Unknown,Unknown,Answer key / worked solutions
E-Library-20260722T233918Z-1-001/E-Library/AS and A Level/E Books/Computer Science/Computer Science Answers/Chapter 16 SB Answers.pdf,Chapter 16 SB Answers.pdf,PDF,288856,4eaf00a727a1346d8073dd6cb51bd345a80c1108bed80f50285ef49063bf7841,Unknown,Computer Science,Cambridge International AS & A Level,Unknown,Unknown,Answer key / worked solutions
E-Library-20260722T233918Z-1-001/E-Library/AS and A Level/E Books/Computer Science/Computer Science Answers/Chapter 17 SB Answers.pdf,Chapter 17 SB Answers.pdf,PDF,181632,37c2e312bba99000cf9a752bcb5b888bccb26e183f18a96a3539fc9f4ad74745,Unknown,Computer Science,Cambridge International AS & A Level,Unknown,Unknown,Answer key / worked solutions
E-Library-20260722T233918Z-1-001/E-Library/AS and A Level/E Books/Computer Science/Computer Science Answers/Chapter 18 SB Answers.pdf,Chapter 18 SB Answers.pdf,PDF,441170,e4074cebb03f5cfe02d8b301f402f31cf11969ef1d11f7c09b7e3cabb999e84b,Unknown,Computer Science,Cambridge International AS & A Level,Unknown,Unknown,Answer key / worked solutions
E-Library-20260722T233918Z-1-001/E-Library/AS and A Level/E Books/Computer Science/Computer Science Answers/Chapter 19 SB Answers.pdf,Chapter 19 SB Answers.pdf,PDF,349719,aca78b68122849580896991fd0dd775c2d55cf37d738b390981c779e2373e853,Unknown,Computer Science,Cambridge International AS & A Level,Unknown,Unknown,Answer key / worked solutions
E-Library-20260722T233918Z-1-001/E-Library/AS and A Level/E Books/Computer Science/Computer Science Answers/Chapter 2 SB Answers.pdf,Chapter 2 SB Answers.pdf,PDF,380625,44a94fc72b4368a804fbecf0fac94ed050cc177cb69c72bccd4737bcd4adde58,Unknown,Computer Science,Cambridge International AS & A Level,Unknown,Unknown,Answer key / worked solutions
E-Library-20260722T233918Z-1-001/E-Library/AS and A Level/E Books/Computer Science/Computer Science Answers/Chapter 20 SB Answers.pdf,Chapter 20 SB Answers.pdf,PDF,333387,e9ae313d93be1862f4742ed0553eadfdd175fd73c931f43f8141a14460e06b41,Unknown,Computer Science,Cambridge International AS & A Level,Unknown,Unknown,Answer key / worked solutions
E-Library-20260722T233918Z-1-001/E-Library/AS and A Level/E Books/Computer Science/Computer Science Answers/Chapter 3 SB Answers.pdf,Chapter 3 SB Answers.pdf,PDF,400666,5ab5d5b9cf6f119d7868facbe99d038411a5bc74a603d37cc05b7e3054969c5b,Unknown,Computer Science,Cambridge International AS & A Level,Unknown,Unknown,Answer key / worked solutions
E-Library-20260722T233918Z-1-001/E-Library/AS and A Level/E Books/Computer Science/Computer Science Answers/Chapter 4 SB Answers.pdf,Chapter 4 SB Answers.pdf,PDF,305057,8bfc1a9b9814df06b7b258800f5135f0174843d8e5f060f3d7fd63e2d9498674,Unknown,Computer Science,Cambridge International AS & A Level,Unknown,Unknown,Answer key / worked solutions
E-Library-20260722T233918Z-1-001/E-Library/AS and A Level/E Books/Computer Science/Computer Science Answers/Chapter 5 SB Answers.pdf,Chapter 5 SB Answers.pdf,PDF,220851,ee55675b843b36ff182a6eac760a1a2f420b1ec9b8c67a6e95e83513affe1741,Unknown,Computer Science,Cambridge International AS & A Level,Unknown,Unknown,Answer key / worked solutions
E-Library-20260722T233918Z-1-001/E-Library/AS and A Level/E Books/Computer Science/Computer Science Answers/Chapter 6 SB Answers.pdf,Chapter 6 SB Answers.pdf,PDF,299867,f795cd740fcad9ccbec79ac7556b7a220410ef1122e9ff587730a3785c5eb526,Unknown,Computer Science,Cambridge International AS & A Level,Unknown,Unknown,Answer key / worked solutions
E-Library-20260722T233918Z-1-001/E-Library/AS and A Level/E Books/Computer Science/Computer Science Answers/Chapter 7 SB Answers.pdf,Chapter 7 SB Answers.pdf,PDF,235392,43340d63c18955ad2298e90100feeca0457641209053228c2e14aa24bd332e76,Unknown,Computer Science,Cambridge International AS & A Level,Unknown,Unknown,Answer key / worked solutions
E-Library-20260722T233918Z-1-001/E-Library/AS and A Level/E Books/Computer Science/Computer Science Answers/Chapter 8 SB Answers.pdf,Chapter 8 SB Answers.pdf,PDF,643118,d698287faba777766b65992ff4939ccc304201463c57216c438c44a079b44ae6,Unknown,Computer Science,Cambridge International AS & A Level,Unknown,Unknown,Answer key / worked solutions
E-Library-20260722T233918Z-1-001/E-Library/AS and A Level/E Books/Computer Science/Computer Science Answers/Chapter 9 SB Answers.pdf,Chapter 9 SB Answers.pdf,PDF,292930,261b59c3b35b97654bf67cbbf16be7ad72a0478a3a006aa917a5e8b98e921dea,Unknown,Computer Science,Cambridge International AS & A Level,Unknown,Unknown,Answer key / worked solutions
E-Library-20260722T233918Z-1-001/E-Library/AS and A Level/E Books/Computer Science/Hodder AS and A Levels Computer Science.pdf,Hodder AS and A Levels Computer Science.pdf,PDF,20003507,0deb94b92267f83e4afe39c48b9c01f1419989ec56b4520903a7c5fe234b70b1,Unknown,Computer Science,Cambridge International AS & A Level,Unknown,Unknown,Unknown
E-Library-20260722T233918Z-1-001/E-Library/AS and A Level/E Books/Economics/Cambridge International AS _ A Level Economics Fourth edition Coursebook.pdf,Cambridge International AS _ A Level Economics Fourth edition Coursebook.pdf,PDF,14512365,eb1698b7e1e2adc7a002c43e0e1e21acef3d5cefd8f47666e8542c56418877cc,Cambridge International,Economics,Cambridge International AS & A Level,Unknown,Unknown,Textbook / coursebook
E-Library-20260722T233918Z-1-001/E-Library/AS and A Level/E Books/Economics/Cambridge International AS _ A Level Economics Workbook.pdf,Cambridge International AS _ A Level Economics Workbook.pdf,PDF,5859548,3e55d6ab0b97db60594057d67238d1656bc9f375fec172e1fe649ed6f43ab062,Cambridge International,Economics,Cambridge International AS & A Level,Unknown,Unknown,Workbook / practice
E-Library-20260722T233918Z-1-001/E-Library/AS and A Level/E Books/English Language/English Language.pdf,English Language.pdf,PDF,82885219,9d385bf2b638afa6bf8da68d0ec33587c40164045641cd6caeafebfc19a3d285,Unknown,English,Cambridge International AS & A Level,Unknown,Unknown,Unknown
E-Library-20260722T233918Z-1-001/E-Library/AS and A Level/E Books/General English/English Coursebook Answers/Chapter 1.1 Textbook Answers.pdf,Chapter 1.1 Textbook Answers.pdf,PDF,491591,f641ace7335b13c8f5b63c1b79e1290a72258888d5093f187017de2d018a6996,Unknown,English,Cambridge International AS & A Level,Unknown,Unknown,Answer key / worked solutions
E-Library-20260722T233918Z-1-001/E-Library/AS and A Level/E Books/General English/English Coursebook Answers/Chapter 1.2 Textbook Answers.pdf,Chapter 1.2 Textbook Answers.pdf,PDF,534462,e605d41f1470e8080051294e7ced397a696df73e724f59dd2509bc7603ad8744,Unknown,English,Cambridge International AS & A Level,Unknown,Unknown,Answer key / worked solutions
E-Library-20260722T233918Z-1-001/E-Library/AS and A Level/E Books/General English/English Coursebook Answers/Chapter 1.3 Textbook Answers.pdf,Chapter 1.3 Textbook Answers.pdf,PDF,601745,c73ed03bc403c045308a54952904feda633ceb34bc28e7049cce30439e7a5c28,Unknown,English,Cambridge International AS & A Level,Unknown,Unknown,Answer key / worked solutions
E-Library-20260722T233918Z-1-001/E-Library/AS and A Level/E Books/General English/English Coursebook Answers/Chapter 2.1 Textbook Answers.pdf,Chapter 2.1 Textbook Answers.pdf,PDF,794085,602aa9a5c22786cb2f6fe65d8d6bb06c77e5650b17cae69ac7e13dc7a63bb767,Unknown,English,Cambridge International AS & A Level,Unknown,Unknown,Answer key / worked solutions
E-Library-20260722T233918Z-1-001/E-Library/AS and A Level/E Books/General English/English Coursebook Answers/Chapter 2.2 Textbook Answers.pdf,Chapter 2.2 Textbook Answers.pdf,PDF,509036,f5d2b7cd62cf95027e20235d72ce3a9efabdc8dc553703ba682232ee2870ba80,Unknown,English,Cambridge International AS & A Level,Unknown,Unknown,Answer key / worked solutions
E-Library-20260722T233918Z-1-001/E-Library/AS and A Level/E Books/General English/English Coursebook Answers/Chapter 2.3 Textbook Answers.pdf,Chapter 2.3 Textbook Answers.pdf,PDF,103871,214666355b24191e8bc830d339f769cc60fa4bfe1ecbfd1cdc821cf708221689,Unknown,English,Cambridge International AS & A Level,Unknown,Unknown,Answer key / worked solutions
E-Library-20260722T233918Z-1-001/E-Library/AS and A Level/E Books/General English/English Coursebook Answers/Chapter 3.1 Textbook Answers.pdf,Chapter 3.1 Textbook Answers.pdf,PDF,559222,a970b8cd72967e7b2ca244cef45106686d3791d72ea4880c9317f96cfd9427da,Unknown,English,Cambridge International AS & A Level,Unknown,Unknown,Answer key / worked solutions
E-Library-20260722T233918Z-1-001/E-Library/AS and A Level/E Books/General English/English Coursebook Answers/Chapter 3.2 Textbook Answers.pdf,Chapter 3.2 Textbook Answers.pdf,PDF,538106,eb5478da505d9b50abe1cba25fef6ae5a72c13272e58899f57043852b59c158c,Unknown,English,Cambridge International AS & A Level,Unknown,Unknown,Answer key / worked solutions
E-Library-20260722T233918Z-1-001/E-Library/AS and A Level/E Books/General English/English Coursebook Answers/Chapter 3.3 Textbook Answers.pdf,Chapter 3.3 Textbook Answers.pdf,PDF,609377,cfad58725ec308bad34cafe3ee28209f48120dae3f76b213786e3494af6e548a,Unknown,English,Cambridge International AS & A Level,Unknown,Unknown,Answer key / worked solutions
E-Library-20260722T233918Z-1-001/E-Library/AS and A Level/E Books/General English/English Coursebook Answers/Chapter 4.1 Textbook Answers.pdf,Chapter 4.1 Textbook Answers.pdf,PDF,495921,8a67f2ce5735c6cf2ad784bb19a4614c348bed0828ca7f3c99b67fc56d662e51,Unknown,English,Cambridge International AS & A Level,Unknown,Unknown,Answer key / worked solutions
E-Library-20260722T233918Z-1-001/E-Library/AS and A Level/E Books/General English/English Coursebook Answers/Chapter 4.2 Textbook Answers.pdf,Chapter 4.2 Textbook Answers.pdf,PDF,606306,9460833e5b4e9828fdf833f4084978f0c29ef8017ff7a292f2f0e9c7d689cda9,Unknown,English,Cambridge International AS & A Level,Unknown,Unknown,Answer key / worked solutions
E-Library-20260722T233918Z-1-001/E-Library/AS and A Level/E Books/General English/English Coursebook Answers/Chapter 4.3 Textbook Answers.pdf,Chapter 4.3 Textbook Answers.pdf,PDF,511161,dc0650190a7d6838e8941db348fe53e227159d086908f13c4692544ec8d585ab,Unknown,English,Cambridge International AS & A Level,Unknown,Unknown,Answer key / worked solutions
E-Library-20260722T233918Z-1-001/E-Library/AS and A Level/E Books/General English/English Coursebook Answers/Chapter 4.4 Textbook Answers.pdf,Chapter 4.4 Textbook Answers.pdf,PDF,500833,711322bc816a620111bd57e5fcfe7e9bfd28dabec0cbf796bb3a0dd0e04fc6a8,Unknown,English,Cambridge International AS & A Level,Unknown,Unknown,Answer key / worked solutions
E-Library-20260722T233918Z-1-001/E-Library/AS and A Level/E Books/General English/English Coursebook Answers/Chapter 4.5 Textbook Answers.pdf,Chapter 4.5 Textbook Answers.pdf,PDF,598639,52ff1b56e5f3a2a247da8d737547ed1db3a57963eda781b64b8ee1c70c97f64d,Unknown,English,Cambridge International AS & A Level,Unknown,Unknown,Answer key / worked solutions
E-Library-20260722T233918Z-1-001/E-Library/AS and A Level/E Books/General English/International AS Level English General Paper Digital Coursebook.pdf,International AS Level English General Paper Digital Coursebook.pdf,PDF,16744322,1c524b4d170ef5a62380d15b345be9a99925ef2c9f029ee7ca242753efa90981,Unknown,English,Cambridge International AS & A Level,Unknown,Unknown,Textbook / coursebook
E-Library-20260722T233918Z-1-001/E-Library/AS and A Level/E Books/IT/IT for Cambridge International AS  A Level Coursebook.pdf,IT for Cambridge International AS  A Level Coursebook.pdf,PDF,58194798,1a8966d1236d25f5c7829295a4852f64fa7569a9509eacbf30a8980ce659e0ec,Cambridge International,Unknown,Cambridge International AS & A Level,Unknown,Unknown,Textbook / coursebook
E-Library-20260722T233918Z-1-001/E-Library/AS and A Level/E Books/Math/Cambridge International AS _ A Level Mathematics Probability _ Statistics 1 Practice Book - Cambridge University Press (2018).pdf,Cambridge International AS _ A Level Mathematics Probability _ Statistics 1 Practice Book - Cambridge University Press (2018).pdf,PDF,6814738,db9b5f89f4800298ff32722b39116c8debddc0c7a46aa7d846ffe851a74e3b00,Cambridge International,Mathematics,Cambridge International AS & A Level,Unknown,2018,Workbook / practice
E-Library-20260722T233918Z-1-001/E-Library/AS and A Level/E Books/Math/Cambridge International AS _ A Level Mathematics Probability _ Statistics 2 - Cambridge University Press (2018).pdf,Cambridge International AS _ A Level Mathematics Probability _ Statistics 2 - Cambridge University Press (2018).pdf,PDF,30677982,cd024825fbc9230b30c48ab6d09f5a44e73ab1989509515a76e2254c51dbdeb7,Cambridge International,Mathematics,Cambridge International AS & A Level,Unknown,2018,Unknown
E-Library-20260722T233918Z-1-001/E-Library/AS and A Level/E Books/Math/Cambridge International AS _ A Level Mathematics Probability _ Statistics 2 Practice Book - Cambridge University Press (2018).pdf,Cambridge International AS _ A Level Mathematics Probability _ Statistics 2 Practice Book - Cambridge University Press (2018).pdf,PDF,4389584,c433594afc02b2ea085991f5de7e9c9878969e278b505cbb515dee4f9c77740f,Cambridge International,Mathematics,Cambridge International AS & A Level,Unknown,2018,Workbook / practice
E-Library-20260722T233918Z-1-001/E-Library/AS and A Level/E Books/Math/Cambridge International AS _ A Level Mathematics Pure Mathematics 1 Practice Book - Cambridge University Press (2018).pdf,Cambridge International AS _ A Level Mathematics Pure Mathematics 1 Practice Book - Cambridge University Press (2018).pdf,PDF,29459089,92c3838bbcd4d2d3fc895c47a6d29ee3e47da4f02c6089706aab854400d20c54,Cambridge International,Mathematics,Cambridge International AS & A Level,Unknown,2018,Workbook / practice
E-Library-20260722T233918Z-1-001/E-Library/AS and A Level/E Books/Math/Cambridge International AS and A Level Mathematics Probability _ Statistics 1 Coursebook - Cambridge University Press (2018).pdf,Cambridge International AS and A Level Mathematics Probability _ Statistics 1 Coursebook - Cambridge University Press (2018).pdf,PDF,30753529,a62c725876bbc44b34d9f6c0f4f99d8eeb3e496bee89444151f5cd957a902e23,Cambridge International,Mathematics,Cambridge International AS & A Level,Unknown,2018,Textbook / coursebook
E-Library-20260722T233918Z-1-001/E-Library/AS and A Level/E Books/Math/Cambridge International AS and A Level Mathematics Pure Mathematics 1 Coursebook - Cambridge University Press (2018).pdf,Cambridge International AS and A Level Mathematics Pure Mathematics 1 Coursebook - Cambridge University Press (2018).pdf,PDF,26256951,a837b8a944b357aa5db4171dd90cb3d6b18c6b1a35c7d791bd82efba26df9232,Cambridge International,Mathematics,Cambridge International AS & A Level,Unknown,2018,Textbook / coursebook
E-Library-20260722T233918Z-1-001/E-Library/AS and A Level/E Books/Math/Cambridge International AS and A Level Mathematics Pure Mathematics 2 _ 3 Coursebook - Cambridge University Press (2018).pdf,Cambridge International AS and A Level Mathematics Pure Mathematics 2 _ 3 Coursebook - Cambridge University Press (2018).pdf,PDF,44252072,f45d92fd4cb42f40e94c434bca6c23d4b77ec4567efbfb8ec06c91dd74cae64b,Cambridge International,Mathematics,Cambridge International AS & A Level,Unknown,2018,Textbook / coursebook
E-Library-20260722T233918Z-1-001/E-Library/AS and A Level/E Books/Math/cambridge-international-as-amp-a-level-mathematics-probability-and-statistics-2-worked-solutions-manual.pdf,cambridge-international-as-amp-a-level-mathematics-probability-and-statistics-2-worked-solutions-manual.pdf,PDF,31576371,d7368b174697e7fef40585a84425c931ae6e83b1ba5d79f34fac542e288cc9cb,Cambridge International,Mathematics,Cambridge International AS & A Level,Unknown,Unknown,Unknown
E-Library-20260722T233918Z-1-001/E-Library/AS and A Level/E Books/Math/Collins/Collins Cambridge International AS  A Level – Cambridge International AS  A Level Mathematics Pure Mathematics 1 Student’s Book.pdf,Collins Cambridge International AS  A Level – Cambridge International AS  A Level Mathematics Pure Mathematics 1 Student’s Book.pdf,PDF,26309878,e26b6ca1c91aaa7c3b46012da38efe349f55883bbceb47f1a5cb939e6f863f7b,Cambridge International,Mathematics,Cambridge International AS & A Level,Unknown,Unknown,Unknown
E-Library-20260722T233918Z-1-001/E-Library/AS and A Level/E Books/Math/Collins/Collins Cambridge International AS and a Level - Cambridge International AS and a Level Mathematics Pure Mathematics 2 and 3 Student Book.pdf,Collins Cambridge International AS and a Level - Cambridge International AS and a Level Mathematics Pure Mathematics 2 and 3 Student Book.pdf,PDF,30612812,38759d89bbfd8397a05ba8aa0829ebb55db6d98e9805184f0cc2cd58e8c90ff1,Cambridge International,Mathematics,Cambridge International AS & A Level,Unknown,Unknown,Textbook / coursebook
E-Library-20260722T233918Z-1-001/E-Library/AS and A Level/E Books/Math/Collins/Collins Cambridge International AS and A Level Mathematics Probability _ Statistics 1 Student Book.pdf,Collins Cambridge International AS and A Level Mathematics Probability _ Statistics 1 Student Book.pdf,PDF,50297143,bcc6f8b29d0c18352597872b5af43abe501428fef73faa60c45a84b6d3d151d3,Cambridge International,Mathematics,Cambridge International AS & A Level,Unknown,Unknown,Textbook / coursebook
E-Library-20260722T233918Z-1-001/E-Library/AS and A Level/E Books/Math/Collins/Collins Pure Math 2 and 3 Worked Solutions.pdf,Collins Pure Math 2 and 3 Worked Solutions.pdf,PDF,3339853,2af55bc831c3e2345880b2d2ad726873b2b521f33825b608c6a1d4927a28bebb,Unknown,Mathematics,Cambridge International AS & A Level,Unknown,Unknown,Answer key / worked solutions
E-Library-20260722T233918Z-1-001/E-Library/AS and A Level/E Books/Math/Hodder/Hodder International AS _ A Level Mathematics Probability _ Statistics 1.pdf,Hodder International AS _ A Level Mathematics Probability _ Statistics 1.pdf,PDF,88342556,60f7472cc226c187b91e114aeb124926c0d2b95104328e6723633e7c3ef90305,Unknown,Mathematics,Cambridge International AS & A Level,Unknown,Unknown,Unknown
E-Library-20260722T233918Z-1-001/E-Library/AS and A Level/E Books/Math/Hodder/Hodder International AS _ A Level Mathematics Probability _ Statistics 2 Question _ Workbook.pdf,Hodder International AS _ A Level Mathematics Probability _ Statistics 2 Question _ Workbook.pdf,PDF,26423169,be9a8a63f60b1c35d1b1acd92407b3ed7bb7fdf9cf5e2804f535f606f034cdb2,Unknown,Mathematics,Cambridge International AS & A Level,Unknown,Unknown,Workbook / practice
E-Library-20260722T233918Z-1-001/E-Library/AS and A Level/E Books/Math/Hodder/Hodder International AS _ A Level Mathematics Probability _ Statistics 2.pdf,Hodder International AS _ A Level Mathematics Probability _ Statistics 2.pdf,PDF,28971700,d8265af697460f4bc1e546b223d13ea0a5945ec8aa700d763ab697704a0af39e,Unknown,Mathematics,Cambridge International AS & A Level,Unknown,Unknown,Unknown
E-Library-20260722T233918Z-1-001/E-Library/AS and A Level/E Books/Math/Hodder/Hodder International AS _ A Level Mathematics Pure Mathematics 1 Question _ Workbook Answers.pdf,Hodder International AS _ A Level Mathematics Pure Mathematics 1 Question _ Workbook Answers.pdf,PDF,5598811,aa432f9b12e3dc742ebe067ef7c286398e6ac3367d51512e843a7b8a5f0355d2,Unknown,Mathematics,Cambridge International AS & A Level,Unknown,Unknown,Answer key / worked solutions
E-Library-20260722T233918Z-1-001/E-Library/AS and A Level/E Books/Math/Hodder/Hodder International As _ A Level Mathematics Pure Mathematics 1.pdf,Hodder International As _ A Level Mathematics Pure Mathematics 1.pdf,PDF,36961726,f0179807610ae230fc492f52166e17f221a49c76a5b1258a8b4c70cebe10b8a7,Unknown,Mathematics,Cambridge International AS & A Level,Unknown,Unknown,Unknown
E-Library-20260722T233918Z-1-001/E-Library/AS and A Level/E Books/Math/Hodder/Hodder International AS _ A Level Mathematics Pure Mathematics 2 and 3.pdf,Hodder International AS _ A Level Mathematics Pure Mathematics 2 and 3.pdf,PDF,31760620,e03823e49ae64c78f6a7e60289c12a8a8cc38223791564a8edbf1db0a579daab,Unknown,Mathematics,Cambridge International AS & A Level,Unknown,Unknown,Unknown
E-Library-20260722T233918Z-1-001/E-Library/AS and A Level/E Books/Math/Hodder/Hodder International AS and A Level Mathematics Pure Mathematics 1 Question and Workbook.pdf,Hodder International AS and A Level Mathematics Pure Mathematics 1 Question and Workbook.pdf,PDF,3683014,8cfac9ba8e6e70d5ace456300ce6a4b2c4e72ac93316fafb8bdddad68cbc7a54,Unknown,Mathematics,Cambridge International AS & A Level,Unknown,Unknown,Workbook / practice
E-Library-20260722T233918Z-1-001/E-Library/AS and A Level/E Books/Physics/Cambridge International AS _ A Level Physics Practical Workbook - Cambridge University Press (2020).pdf,Cambridge International AS _ A Level Physics Practical Workbook - Cambridge University Press (2020).pdf,PDF,24816058,73a8f0e05142b29d50f096314c0e912df92f0cde705ffafeaa91baf273eb7075,Cambridge International,Physics,Cambridge International AS & A Level,Unknown,2020,Workbook / practice
E-Library-20260722T233918Z-1-001/E-Library/AS and A Level/E Books/Physics/Coursebook Answers/chapter_10_asal_physics.pdf,chapter_10_asal_physics.pdf,PDF,189070,2ecff0131c8f1a1076ba518f01b9bd82b152e2656efeeba888fea6204f4c1246,Unknown,Physics,Cambridge International AS & A Level,Unknown,Unknown,Answer key / worked solutions
E-Library-20260722T233918Z-1-001/E-Library/AS and A Level/E Books/Physics/Coursebook Answers/chapter_11_asal_physics.pdf,chapter_11_asal_physics.pdf,PDF,214328,7d28eb370d3f00e0fc1d3c5335a9125c246a335cb8bb00118acccf77ee0b9669,Unknown,Physics,Cambridge International AS & A Level,Unknown,Unknown,Answer key / worked solutions
E-Library-20260722T233918Z-1-001/E-Library/AS and A Level/E Books/Physics/Coursebook Answers/chapter_12_asal_physics.pdf,chapter_12_asal_physics.pdf,PDF,198541,88c8feab030def36faf6f2f6ddc68d51ff578e7e659fdc17670c3d98a67b524a,Unknown,Physics,Cambridge International AS & A Level,Unknown,Unknown,Answer key / worked solutions
E-Library-20260722T233918Z-1-001/E-Library/AS and A Level/E Books/Physics/Coursebook Answers/chapter_13_asal_physics.pdf,chapter_13_asal_physics.pdf,PDF,271018,772fb90bb42019859723ffc20eae5eaa12107ab48bfea47e82c042c765554c15,Unknown,Physics,Cambridge International AS & A Level,Unknown,Unknown,Answer key / worked solutions
E-Library-20260722T233918Z-1-001/E-Library/AS and A Level/E Books/Physics/Coursebook Answers/chapter_14_asal_physics.pdf,chapter_14_asal_physics.pdf,PDF,232610,423e8f21ced51a7e67109992f9076a912142caca4da7b7a35a1917bbb2994cfd,Unknown,Physics,Cambridge International AS & A Level,Unknown,Unknown,Answer key / worked solutions
E-Library-20260722T233918Z-1-001/E-Library/AS and A Level/E Books/Physics/Coursebook Answers/chapter_15_asal_physics.pdf,chapter_15_asal_physics.pdf,PDF,168180,840e7ff79e32ad9212d7f6e8183a7776c52efcfd7f50830ef612a833bff1acbd,Unknown,Physics,Cambridge International AS & A Level,Unknown,Unknown,Answer key / worked solutions
E-Library-20260722T233918Z-1-001/E-Library/AS and A Level/E Books/Physics/Coursebook Answers/chapter_16_asal_physics.pdf,chapter_16_asal_physics.pdf,PDF,131245,d689cfa98adcbb037499f6327c03486c824a143a71e8f52f4d58e29a5c1be5df,Unknown,Physics,Cambridge International AS & A Level,Unknown,Unknown,Answer key / worked solutions
E-Library-20260722T233918Z-1-001/E-Library/AS and A Level/E Books/Physics/Coursebook Answers/chapter_17_asal_physics.pdf,chapter_17_asal_physics.pdf,PDF,236747,01a083973e0d3857f4cf0dc11d969220e65770f45a63035a2b05326b90b07d17,Unknown,Physics,Cambridge International AS & A Level,Unknown,Unknown,Answer key / worked solutions
E-Library-20260722T233918Z-1-001/E-Library/AS and A Level/E Books/Physics/Coursebook Answers/chapter_18_asal_physics.pdf,chapter_18_asal_physics.pdf,PDF,302912,e7b35b69d6530c25a64094b55532a598997a2335083cdc85d1d73b5799953e4a,Unknown,Physics,Cambridge International AS & A Level,Unknown,Unknown,Answer key / worked solutions
E-Library-20260722T233918Z-1-001/E-Library/AS and A Level/E Books/Physics/Coursebook Answers/chapter_19_asal_physics.pdf,chapter_19_asal_physics.pdf,PDF,143826,8e57b248f7ca06ce40ff6a902310dcb9f9d8fa53af2f97216d39bc16552cfe93,Unknown,Physics,Cambridge International AS & A Level,Unknown,Unknown,Answer key / worked solutions
E-Library-20260722T233918Z-1-001/E-Library/AS and A Level/E Books/Physics/Coursebook Answers/chapter_1_asal_physics.pdf,chapter_1_asal_physics.pdf,PDF,338724,b9f2e57825e97315d778701a77c087cb985162e5eab1b687cc01904e3c0461cb,Unknown,Physics,Cambridge International AS & A Level,Unknown,Unknown,Answer key / worked solutions
E-Library-20260722T233918Z-1-001/E-Library/AS and A Level/E Books/Physics/Coursebook Answers/chapter_20_asal_physics.pdf,chapter_20_asal_physics.pdf,PDF,174464,874368af9891c20fca0657032e32b4eef2526f115a2999850b3fc9c354a50338,Unknown,Physics,Cambridge International AS & A Level,Unknown,Unknown,Answer key / worked solutions
E-Library-20260722T233918Z-1-001/E-Library/AS and A Level/E Books/Physics/Coursebook Answers/chapter_21_asal_physics.pdf,chapter_21_asal_physics.pdf,PDF,305845,0d4ac135cfede535e41558fabb72c7759d842c10318da29b838107c1410c50f1,Unknown,Physics,Cambridge International AS & A Level,Unknown,Unknown,Answer key / worked solutions
E-Library-20260722T233918Z-1-001/E-Library/AS and A Level/E Books/Physics/Coursebook Answers/chapter_22_asal_physics.pdf,chapter_22_asal_physics.pdf,PDF,233523,9d43e7fbdc56890aca27507cfdf2977dfdd0ab9e7b4a0a96d4445531a21543d1,Unknown,Physics,Cambridge International AS & A Level,Unknown,Unknown,Answer key / worked solutions
E-Library-20260722T233918Z-1-001/E-Library/AS and A Level/E Books/Physics/Coursebook Answers/chapter_23_asal_physics.pdf,chapter_23_asal_physics.pdf,PDF,349204,3596ae6030ceb712cd19f2cb0111d5b30a3418852be87ae4c3feead4612ac8a1,Unknown,Physics,Cambridge International AS & A Level,Unknown,Unknown,Answer key / worked solutions
E-Library-20260722T233918Z-1-001/E-Library/AS and A Level/E Books/Physics/Coursebook Answers/chapter_24_asal_physics.pdf,chapter_24_asal_physics.pdf,PDF,261442,21f51352e9d4b08e8babb65eb0d7c659f05df1b0c822383bcbde2dec4b993a5e,Unknown,Physics,Cambridge International AS & A Level,Unknown,Unknown,Answer key / worked solutions
E-Library-20260722T233918Z-1-001/E-Library/AS and A Level/E Books/Physics/Coursebook Answers/chapter_25_asal_physics.pdf,chapter_25_asal_physics.pdf,PDF,333429,cfead264210206ca18fa8905827f0ccc695e489024bdf22fe3019980a71b3bf3,Unknown,Physics,Cambridge International AS & A Level,Unknown,Unknown,Answer key / worked solutions
E-Library-20260722T233918Z-1-001/E-Library/AS and A Level/E Books/Physics/Coursebook Answers/chapter_26_asal_physics.pdf,chapter_26_asal_physics.pdf,PDF,278403,d71f97231b464f1f29234bb8e923efb61ad8baad01e17ecc0ed32822e8493c3d,Unknown,Physics,Cambridge International AS & A Level,Unknown,Unknown,Answer key / worked solutions
E-Library-20260722T233918Z-1-001/E-Library/AS and A Level/E Books/Physics/Coursebook Answers/chapter_27_asal_physics.pdf,chapter_27_asal_physics.pdf,PDF,403499,ae4adbab45e8cad8834a8713e4fd97b59fd636d36d72e948a286e487985415a7,Unknown,Physics,Cambridge International AS & A Level,Unknown,Unknown,Answer key / worked solutions
E-Library-20260722T233918Z-1-001/E-Library/AS and A Level/E Books/Physics/Coursebook Answers/chapter_28_asal_physics.pdf,chapter_28_asal_physics.pdf,PDF,267202,4437a6c85a13684466a444e0bf3b61e821d806f629e8e226eb187bd62d0fa35b,Unknown,Physics,Cambridge International AS & A Level,Unknown,Unknown,Answer key / worked solutions
E-Library-20260722T233918Z-1-001/E-Library/AS and A Level/E Books/Physics/Coursebook Answers/chapter_29_asal_physics.pdf,chapter_29_asal_physics.pdf,PDF,233302,b62c255d35ab25440744a3869aa6a30597db7cce5b791b22768174c2c36d7239,Unknown,Physics,Cambridge International AS & A Level,Unknown,Unknown,Answer key / worked solutions
E-Library-20260722T233918Z-1-001/E-Library/AS and A Level/E Books/Physics/Coursebook Answers/chapter_2_asal_physics.pdf,chapter_2_asal_physics.pdf,PDF,444608,9bd349b842db4d447466cec0741c55f2aa8b96ffe32360fd9f29f6c2805e0a84,Unknown,Physics,Cambridge International AS & A Level,Unknown,Unknown,Answer key / worked solutions
E-Library-20260722T233918Z-1-001/E-Library/AS and A Level/E Books/Physics/Coursebook Answers/chapter_30_asal_physics.pdf,chapter_30_asal_physics.pdf,PDF,104234,0802a7d1d3e5a008b58a6edb77b125751ffd27fddc3c020f7f1291f17303c818,Unknown,Physics,Cambridge International AS & A Level,Unknown,Unknown,Answer key / worked solutions
E-Library-20260722T233918Z-1-001/E-Library/AS and A Level/E Books/Physics/Coursebook Answers/chapter_31_asal_physics.pdf,chapter_31_asal_physics.pdf,PDF,126166,840fc8812cbf8bdcbb16a9e20ee96237c115424d563c418fe09adf3f11254fe8,Unknown,Physics,Cambridge International AS & A Level,Unknown,Unknown,Answer key / worked solutions
E-Library-20260722T233918Z-1-001/E-Library/AS and A Level/E Books/Physics/Coursebook Answers/chapter_3_asal_physics.pdf,chapter_3_asal_physics.pdf,PDF,192739,14a2616bef4d659e6764ee6d8e8e435540a39867abd1297ae207fe61593aa8cc,Unknown,Physics,Cambridge International AS & A Level,Unknown,Unknown,Answer key / worked solutions
E-Library-20260722T233918Z-1-001/E-Library/AS and A Level/E Books/Physics/Coursebook Answers/chapter_4_asal_physics.pdf,chapter_4_asal_physics.pdf,PDF,357857,9fae97bf1dff5ece0abf3f69cdcb6ab900d3d1c4a14a48b9c059a82eca8f1d18,Unknown,Physics,Cambridge International AS & A Level,Unknown,Unknown,Answer key / worked solutions
E-Library-20260722T233918Z-1-001/E-Library/AS and A Level/E Books/Physics/Coursebook Answers/chapter_5_asal_physics.pdf,chapter_5_asal_physics.pdf,PDF,164920,f8bb7b8461654e03406bad4c3c72ad6d3b582bb5cdbb7e6c82ca727f83f04b7e,Unknown,Physics,Cambridge International AS & A Level,Unknown,Unknown,Answer key / worked solutions
E-Library-20260722T233918Z-1-001/E-Library/AS and A Level/E Books/Physics/Coursebook Answers/chapter_6_asal_physics.pdf,chapter_6_asal_physics.pdf,PDF,290576,2a2f34c872f8bc0711afde93a1ff52baf51d8b0f421c4b12c7ca5fc48134b89d,Unknown,Physics,Cambridge International AS & A Level,Unknown,Unknown,Answer key / worked solutions
E-Library-20260722T233918Z-1-001/E-Library/AS and A Level/E Books/Physics/Coursebook Answers/chapter_7_asal_physics.pdf,chapter_7_asal_physics.pdf,PDF,188539,20bfbae88ded5b7aad5abad7388e55584a59ab6b53b83acaf99552125b08eb1a,Unknown,Physics,Cambridge International AS & A Level,Unknown,Unknown,Answer key / worked solutions
E-Library-20260722T233918Z-1-001/E-Library/AS and A Level/E Books/Physics/Coursebook Answers/chapter_8_asal_physics.pdf,chapter_8_asal_physics.pdf,PDF,131861,a153058be895e200da8376ed5d2ee85dbc4c499cdeb7979f28cf053197eb618a,Unknown,Physics,Cambridge International AS & A Level,Unknown,Unknown,Answer key / worked solutions
E-Library-20260722T233918Z-1-001/E-Library/AS and A Level/E Books/Physics/Coursebook Answers/chapter_9_asal_physics.pdf,chapter_9_asal_physics.pdf,PDF,128001,b9aab48c797457ad3275f76a6d7a20716caeeca98427db27287255eedaf9e7b9,Unknown,Physics,Cambridge International AS & A Level,Unknown,Unknown,Answer key / worked solutions
E-Library-20260722T233918Z-1-001/E-Library/AS and A Level/E Books/Physics/Coursebook Answers/chapter_P1_asal_physics.pdf,chapter_P1_asal_physics.pdf,PDF,237400,6f4a62342a2a49b3f784734087740fdf082e5a34e9e6c3de207da51818e3bc43,Unknown,Physics,Cambridge International AS & A Level,Unknown,Unknown,Answer key / worked solutions
E-Library-20260722T233918Z-1-001/E-Library/AS and A Level/E Books/Physics/Coursebook Answers/chapter_P2_asal_physics.pdf,chapter_P2_asal_physics.pdf,PDF,167050,03962dbc791176fa0c276fe9903d0acde50e7d104d555254ab11429f608ac749,Unknown,Physics,Cambridge International AS & A Level,Unknown,Unknown,Answer key / worked solutions
E-Library-20260722T233918Z-1-001/E-Library/AS and A Level/E Books/Psychology/Cambridge International AS and A Level Psychology.pdf,Cambridge International AS and A Level Psychology.pdf,PDF,29647878,be46d9f69ed6481975d4ffe4de0618454951685470933f777ec06bf3d8b0db6c,Cambridge International,Psychology,Cambridge International AS & A Level,Unknown,Unknown,Unknown
E-Library-20260722T233918Z-1-001/E-Library/AS and A Level/Notes/Accounting/A2 accs notes.pdf,A2 accs notes.pdf,PDF,4756396,2f1f837cea2c4fbbb56fe70b24ba6ca8ed7a9264f15cdb0cad6a56264519154f,Unknown,Accounting,Cambridge International AS & A Level,Unknown,Unknown,Notes
E-Library-20260722T233918Z-1-001/E-Library/IGCSE/E Books/Accounting/Cambridge IGCSE and O Level Accounting Workbook (1).pdf,Cambridge IGCSE and O Level Accounting Workbook (1).pdf,PDF,2071177,1981c9777a416e5a30df6fe9f3d893d3af2173712739f46e61720df645032825,Cambridge International,Accounting,Cambridge IGCSE / O Level,Unknown,Unknown,Workbook / practice
E-Library-20260722T233918Z-1-001/E-Library/IGCSE/E Books/Additional Math/Cambridge IGCSE® and O Level Additional Mathematics Coursebook (Sue Pemberton).pdf,Cambridge IGCSE® and O Level Additional Mathematics Coursebook (Sue Pemberton).pdf,PDF,54941261,249455a77f4f2538565ae6c1ff67f7659c97046ba312a217a434965e394f4ffb,Cambridge International,Mathematics,Cambridge IGCSE / O Level,Unknown,Unknown,Textbook / coursebook
E-Library-20260722T233918Z-1-001/E-Library/IGCSE/E Books/Additional Math/Cambridge IGCSE® and O Level Additional Mathematics Practice Book (Muriel James).pdf,Cambridge IGCSE® and O Level Additional Mathematics Practice Book (Muriel James).pdf,PDF,14367016,08d932f9f1b825de84c772c5b189844f8d322e1b9194e2d23e677f7278802601,Cambridge International,Mathematics,Cambridge IGCSE / O Level,Unknown,Unknown,Workbook / practice
E-Library-20260722T233918Z-1-001/E-Library/IGCSE/E Books/Additional Math/Cambridge IGCSE™ and O Level Additional Mathematics Coursebook.pdf,Cambridge IGCSE™ and O Level Additional Mathematics Coursebook.pdf,PDF,40235936,68e17dac3a259e6258d939a3cd879c3703045ee165bdc114afa91f692ceaed9d,Cambridge International,Mathematics,Cambridge IGCSE / O Level,Unknown,Unknown,Textbook / coursebook
E-Library-20260722T233918Z-1-001/E-Library/IGCSE/E Books/Biology/Cambridge IGCSE™ Biology 4th Edition (1).pdf,Cambridge IGCSE™ Biology 4th Edition (1).pdf,PDF,102473152,2f3b4ba3d5c98b1fe8e68d21bee6271d2b08f624410303b091211ed04a52cfcb,Cambridge International,Biology,Cambridge IGCSE,Unknown,4th Edition,Textbook / coursebook
E-Library-20260722T233918Z-1-001/E-Library/IGCSE/E Books/Biology/Cambridge IGCSE™ Biology Workbook 3rd Edition (Dave Hayward) (z-lib.org) (1).pdf,Cambridge IGCSE™ Biology Workbook 3rd Edition (Dave Hayward) (z-lib.org) (1).pdf,PDF,14208784,cb0a895020e6a3e9c0185b15731bcc2529ad04543a872f8ebfa90300f8538ab7,Cambridge International,Biology,Cambridge IGCSE,Unknown,3rd Edition,Workbook / practice
E-Library-20260722T233918Z-1-001/E-Library/IGCSE/E Books/Biology/Cambridge-IGCSE-D-G-Mackean-Dave-Hayward-Cambridge-IGCSE-Biology-Hodder-Education-2014 (1).pdf,Cambridge-IGCSE-D-G-Mackean-Dave-Hayward-Cambridge-IGCSE-Biology-Hodder-Education-2014 (1).pdf,PDF,33779890,4539edccdf1f1bd25d3a1e61fdab7e95ec04a2018378fe3e826b97254bcec149,Cambridge International,Biology,Cambridge IGCSE,Unknown,2014,Textbook / coursebook
E-Library-20260722T233918Z-1-001/E-Library/IGCSE/E Books/BS/Cambridge IGCSE and O Level Business Studies 5th edition (1).pdf,Cambridge IGCSE and O Level Business Studies 5th edition (1).pdf,PDF,14010066,0920d6dca0cba7404087dc93b691a91aa792dbafda36805efb19bdb4fdcd3316,Cambridge International,Business,Cambridge IGCSE / O Level,Unknown,5th edition,Unknown
E-Library-20260722T233918Z-1-001/E-Library/IGCSE/E Books/BS/Cambridge IGCSE and O Level Business Studies Workbook 2nd Edition (1).pdf,Cambridge IGCSE and O Level Business Studies Workbook 2nd Edition (1).pdf,PDF,4502234,9af7ae7c4b26f66842e25c9eae022c577a99fd204ce04ea786023c0cad0b146f,Cambridge International,Business,Cambridge IGCSE / O Level,Unknown,2nd Edition,Workbook / practice
E-Library-20260722T233918Z-1-001/E-Library/IGCSE/E Books/Chemistry/Cambridge IGCSE Chemistry 4th Edition (1).pdf,Cambridge IGCSE Chemistry 4th Edition (1).pdf,PDF,24230911,d9a1e5c67542f818e6745eaf55c8acfa07c5db15574805a54fc5284846ecd901,Cambridge International,Chemistry,Cambridge IGCSE,Unknown,4th Edition,Unknown
E-Library-20260722T233918Z-1-001/E-Library/IGCSE/E Books/Chemistry/Cambridge IGCSE Chemistry Study and Revision Guide Third Edition (1).pdf,Cambridge IGCSE Chemistry Study and Revision Guide Third Edition (1).pdf,PDF,56515860,7835b218b24905b1a0618b7d77b4c7e3e261f9ea2c918dcf2a25a3248c3fa246,Cambridge International,Chemistry,Cambridge IGCSE,Unknown,Unknown,Revision guide
E-Library-20260722T233918Z-1-001/E-Library/IGCSE/E Books/Chemistry/Cambridge IGCSE™ Chemistry Coursebook with Digital Access (2 Years) (Cambridge International IGCSE) 5th edition.pdf,Cambridge IGCSE™ Chemistry Coursebook with Digital Access (2 Years) (Cambridge International IGCSE) 5th edition.pdf,PDF,112448615,2cdbcb68a2878a6bed14e788bcd784dd7c0d94f99608e9320f050a6aac6ec6f3,Cambridge International,Chemistry,Cambridge IGCSE,Unknown,5th edition,Textbook / coursebook
E-Library-20260722T233918Z-1-001/E-Library/IGCSE/E Books/Chemistry/Cambridge IGCSE™ Chemistry Practical Skills Workbook (1).pdf,Cambridge IGCSE™ Chemistry Practical Skills Workbook (1).pdf,PDF,7028426,a869fa3d78974f43093829ba2ddca3a16675e3a9dd2f2e0fe5cfcb8d92f39454,Cambridge International,Chemistry,Cambridge IGCSE,Unknown,Unknown,Workbook / practice
"E-Library-20260722T233918Z-1-001/E-Library/IGCSE/E Books/CS/Cambridge IGCSE and O Level Computer Science Algorithms, Programming and Logic Workbook (1).pdf","Cambridge IGCSE and O Level Computer Science Algorithms, Programming and Logic Workbook (1).pdf",PDF,6779073,194710eb5e761dd309a8f1579412969512a4a8b55ebcb85e017a1f04ca18977f,Cambridge International,Computer Science,Cambridge IGCSE / O Level,Unknown,Unknown,Workbook / practice
E-Library-20260722T233918Z-1-001/E-Library/IGCSE/E Books/CS/Cambridge IGCSE and O Level Computer Science Computer Systems Workbook (1).pdf,Cambridge IGCSE and O Level Computer Science Computer Systems Workbook (1).pdf,PDF,8847001,f0a2a66e3d8179729c355a95649bcc9f35658bffee3c051afe493f66f3aac87c,Cambridge International,Computer Science,Cambridge IGCSE / O Level,Unknown,Unknown,Workbook / practice
E-Library-20260722T233918Z-1-001/E-Library/IGCSE/E Books/CS/Cambridge IGCSE and O Level Computer Science Study and Revision Guide (1).pdf,Cambridge IGCSE and O Level Computer Science Study and Revision Guide (1).pdf,PDF,69031309,4ea56c5db554cf963500db201ceb1130c19e7dc8b8807f0f761e9c0d770de39c,Cambridge International,Computer Science,Cambridge IGCSE / O Level,Unknown,Unknown,Revision guide
E-Library-20260722T233918Z-1-001/E-Library/IGCSE/E Books/CS/Cambridge IGCSE Computer Science Second Edition (1).pdf,Cambridge IGCSE Computer Science Second Edition (1).pdf,PDF,7913584,1dcd91084737b32d20b8bbb2b024c74b0fc52d7812f436819b40354017bb876d,Cambridge International,Computer Science,Cambridge IGCSE,Unknown,Unknown,Unknown
E-Library-20260722T233918Z-1-001/E-Library/IGCSE/E Books/CS/Cambridge IGCSE™ and O Level Computer Science Coursebook (Cambridge International IGCSE).pdf,Cambridge IGCSE™ and O Level Computer Science Coursebook (Cambridge International IGCSE).pdf,PDF,47293557,aaa549a6dc27bfd4353e619766f5c05315bd530b713a49aaea25d3ee3f18acda,Cambridge International,Computer Science,Cambridge IGCSE / O Level,Unknown,Unknown,Textbook / coursebook
E-Library-20260722T233918Z-1-001/E-Library/IGCSE/E Books/Economics/Cambridge IGCSE and O Level Economics (1).pdf,Cambridge IGCSE and O Level Economics (1).pdf,PDF,14452403,b80eb6e6c9d295b90287e3f4874ef59212045134423873f07315f072dc9fbf6e,Cambridge International,Economics,Cambridge IGCSE / O Level,Unknown,Unknown,Unknown
E-Library-20260722T233918Z-1-001/E-Library/IGCSE/E Books/Economics/Cambridge IGCSE and O Level Economics Workbook 2nd Edition (1).pdf,Cambridge IGCSE and O Level Economics Workbook 2nd Edition (1).pdf,PDF,2074919,9d783ab57a98a02c336f44b0cb145d1db8373dd937a45df8a2daab59faa17391,Cambridge International,Economics,Cambridge IGCSE / O Level,Unknown,2nd Edition,Workbook / practice
E-Library-20260722T233918Z-1-001/E-Library/IGCSE/E Books/ESL/Cambridge IGCSE® English as a Second Language Coursebook (1).pdf,Cambridge IGCSE® English as a Second Language Coursebook (1).pdf,PDF,52541745,32f351034e5d548e3caae432e38375aeb87b53fa9b8fd2cfcf24e3f080b94a8c,Cambridge International,English,Cambridge IGCSE,Unknown,Unknown,Textbook / coursebook
E-Library-20260722T233918Z-1-001/E-Library/IGCSE/E Books/EVM/Cambridge IGCSE® and O Level Environmental Management Coursebook (1).pdf,Cambridge IGCSE® and O Level Environmental Management Coursebook (1).pdf,PDF,19823858,91b5dd8075ffc5c43258c778f4a3b7a4bda6e183f616a72bf5c250768322ea09,Cambridge International,Environmental Management,Cambridge IGCSE / O Level,Unknown,Unknown,Textbook / coursebook
E-Library-20260722T233918Z-1-001/E-Library/IGCSE/E Books/EVM/Cambridge IGCSE™ and O Level Environmental Management Workbook (1).pdf,Cambridge IGCSE™ and O Level Environmental Management Workbook (1).pdf,PDF,11900892,001fbfc20ceb69416c38621efc7406b5b0ea6b87518b2520a7eeb3533d8309d8,Cambridge International,Environmental Management,Cambridge IGCSE / O Level,Unknown,Unknown,Workbook / practice
E-Library-20260722T233918Z-1-001/E-Library/IGCSE/E Books/FLE/Cambridge IGCSE English as First Language Course Book (2).pdf,Cambridge IGCSE English as First Language Course Book (2).pdf,PDF,17681400,63be9aa18d235ff9558cfe67f27f652f4ee9e5d8e2d14ee0122a04cd30d873ea,Cambridge International,English,Cambridge IGCSE,Unknown,Unknown,Unknown
E-Library-20260722T233918Z-1-001/E-Library/IGCSE/E Books/FLE/Cambridge IGCSE English Skils Practice Book (1).pdf,Cambridge IGCSE English Skils Practice Book (1).pdf,PDF,10033048,f4729f1f9139fee832079de72383354be0a4f173c0d60fa45977673e5be5229b,Cambridge International,English,Cambridge IGCSE,Unknown,Unknown,Workbook / practice
E-Library-20260722T233918Z-1-001/E-Library/IGCSE/E Books/French/Cambridge IGCSE® French Student Book (1).pdf,Cambridge IGCSE® French Student Book (1).pdf,PDF,18161727,cfd6de254ab51aee53180989e591c2c08d14229105c22d6d0cdbba61932e7204,Cambridge International,French,Cambridge IGCSE,Unknown,Unknown,Textbook / coursebook
E-Library-20260722T233918Z-1-001/E-Library/IGCSE/E Books/French/Cambridge IGCSE™ French Grammar Workbook Second Edition (1).pdf,Cambridge IGCSE™ French Grammar Workbook Second Edition (1).pdf,PDF,5638031,59c307736b7e620a153253704747e6b005bb611eee1ca1f06b0b2df875317682,Cambridge International,French,Cambridge IGCSE,Unknown,Unknown,Workbook / practice
E-Library-20260722T233918Z-1-001/E-Library/IGCSE/E Books/French/Cambridge IGCSE™ French Study and Revision Guide (1).pdf,Cambridge IGCSE™ French Study and Revision Guide (1).pdf,PDF,8281590,b3709dc3b8086d5c09e78312e7c43497fe2c7255967b8466e3cfbc6a6fcab87f,Cambridge International,French,Cambridge IGCSE,Unknown,Unknown,Revision guide
E-Library-20260722T233918Z-1-001/E-Library/IGCSE/E Books/German/Cambridge IGCSE™ German Student Book Second Edition (1).pdf,Cambridge IGCSE™ German Student Book Second Edition (1).pdf,PDF,15261496,9cfa7998714c9d24b089ba1b5595529727a722b71dcf5e1e6150fb55b8e50b67,Cambridge International,German,Cambridge IGCSE,Unknown,Unknown,Textbook / coursebook
E-Library-20260722T233918Z-1-001/E-Library/IGCSE/E Books/German/german study and revision guide (1).pdf,german study and revision guide (1).pdf,PDF,54750966,9e65f9bec32ff880a587b54e3456b3c3e977120f73bf78f44140e10731fa64f0,Unknown,German,Cambridge IGCSE,Unknown,Unknown,Revision guide
E-Library-20260722T233918Z-1-001/E-Library/IGCSE/E Books/German/german workbook (1).pdf,german workbook (1).pdf,PDF,30157563,ba8245d82275f0a92c5cda690cc73a8df4642604ca93a36ba9bc7727dd8f15eb,Unknown,German,Cambridge IGCSE,Unknown,Unknown,Workbook / practice
E-Library-20260722T233918Z-1-001/E-Library/IGCSE/E Books/ICT/Cambridge IGCSE Information and Communication Technology Practical Workbook Second Edition (Graham Brown) (z-lib.org) (1).pdf,Cambridge IGCSE Information and Communication Technology Practical Workbook Second Edition (Graham Brown) (z-lib.org) (1).pdf,PDF,2419459,5aa07d87685dd21c73eff3a9a883eaa6ce1b099ff8ba9ce9204f67173479fa43,Cambridge International,ICT,Cambridge IGCSE,Unknown,Unknown,Workbook / practice
E-Library-20260722T233918Z-1-001/E-Library/IGCSE/E Books/ICT/Cambridge IGCSE Information and Communication Technology Theory Workbook Second Edition (David Watson) (z-lib.org) (1).pdf,Cambridge IGCSE Information and Communication Technology Theory Workbook Second Edition (David Watson) (z-lib.org) (1).pdf,PDF,2449088,e83dc71b7bcd6f295841c3a4f43dbec3b3eebb56e6f37f1deea271820f465363,Cambridge International,ICT,Cambridge IGCSE,Unknown,Unknown,Workbook / practice
E-Library-20260722T233918Z-1-001/E-Library/IGCSE/E Books/ICT/Cambridge IGCSE information and communication technology. (Graham Brown David Watson) (z-lib.org) (1).pdf,Cambridge IGCSE information and communication technology. (Graham Brown David Watson) (z-lib.org) (1).pdf,PDF,49662158,a1feeba5018d0b50209ede38de3e64a938f6384b562f718bd4341868fa4a94f9,Cambridge International,ICT,Cambridge IGCSE,Unknown,Unknown,Unknown
E-Library-20260722T233918Z-1-001/E-Library/IGCSE/E Books/Maths/Cambridge IGCSE Core and Extended Mathematics Fifth Edition.pdf,Cambridge IGCSE Core and Extended Mathematics Fifth Edition.pdf,PDF,55782830,85feeb3f19975eb0ced3ee1fee8fee28b9bb778118e35bacbcbf5f4554387092,Cambridge International,Mathematics,Cambridge IGCSE,Unknown,Unknown,Unknown
E-Library-20260722T233918Z-1-001/E-Library/IGCSE/E Books/Maths/Cambridge IGCSE Mathematics Core and Extended Workbook (1).pdf,Cambridge IGCSE Mathematics Core and Extended Workbook (1).pdf,PDF,2044536,a7de632523a016dd0bc8aa8c76713f2bd5bc19582c7c15c4619c5cf957b11ae6,Cambridge International,Mathematics,Cambridge IGCSE,Unknown,Unknown,Workbook / practice
E-Library-20260722T233918Z-1-001/E-Library/IGCSE/E Books/Maths/Cambridge IGCSE® Maths Student Book (1).pdf,Cambridge IGCSE® Maths Student Book (1).pdf,PDF,45133939,6fbb3de9d515e2c568f556339d7fba3a900a5ecc0e07de55b99eb8153ab30ce0,Cambridge International,Mathematics,Cambridge IGCSE,Unknown,Unknown,Textbook / coursebook
E-Library-20260722T233918Z-1-001/E-Library/IGCSE/E Books/Maths/CamIGCSE Maths Core  Extended Study  Revision Guide 3rd edition (1).pdf,CamIGCSE Maths Core  Extended Study  Revision Guide 3rd edition (1).pdf,PDF,6992768,c5399c5388e092f3fb6d47b26139fe1871bc849eb7fc05b4b73f6468ea15c48a,Unknown,Mathematics,Cambridge IGCSE,Unknown,3rd edition,Revision guide
E-Library-20260722T233918Z-1-001/E-Library/IGCSE/E Books/Physics/Cambridge IGCSE Physics Study and Revision Guide Third Edition (1).pdf,Cambridge IGCSE Physics Study and Revision Guide Third Edition (1).pdf,PDF,58424969,817a4cf3e8deb34d666672fc7f8d66b0e37a2e12945fbb0bcaa68180e43760b7,Cambridge International,Physics,Cambridge IGCSE,Unknown,Unknown,Revision guide
E-Library-20260722T233918Z-1-001/E-Library/IGCSE/E Books/Physics/Cambridge IGCSE Physics Workbook (1).pdf,Cambridge IGCSE Physics Workbook (1).pdf,PDF,2420533,7e934ffbf33f27efe1cb78929ebc31c8dd72726272d5fc095b13b22ccba29e50,Cambridge International,Physics,Cambridge IGCSE,Unknown,Unknown,Workbook / practice
E-Library-20260722T233918Z-1-001/E-Library/IGCSE/E Books/Physics/Cambridge IGCSE™ Physics (1).pdf,Cambridge IGCSE™ Physics (1).pdf,PDF,23136402,414d6656b283d6be2e6d5fac6f72f5c3a51933d24372e2d4f5d64e7c1de09c0b,Cambridge International,Physics,Cambridge IGCSE,Unknown,Unknown,Unknown
E-Library-20260722T233918Z-1-001/E-Library/IGCSE/E Books/Physics/Cambridge IGCSE™ Physics 3rd Edition (1).pdf,Cambridge IGCSE™ Physics 3rd Edition (1).pdf,PDF,140197885,b0dcffcac27bb905f495d767313ff720cfef4fbf2474b4274aaf4f3c46497b3d,Cambridge International,Physics,Cambridge IGCSE,Unknown,3rd Edition,Unknown
E-Library-20260722T233918Z-1-001/E-Library/IGCSE/E Books/Physics/Cambridge IGCSE™ Physics Practical Skills Workbook (1).pdf,Cambridge IGCSE™ Physics Practical Skills Workbook (1).pdf,PDF,5621681,16253b0ed45b9d334ead138ecdec8547758d96e41a6357fe371f1c9c3aed1655,Cambridge International,Physics,Cambridge IGCSE,Unknown,Unknown,Workbook / practice
"E-Library-20260722T233918Z-1-002/E-Library/AS and A Level/E Books/Biology/Mary Jones, Richard Fosbery, Dennis Taylor, Jennifer Gregory - Cambridge International AS _ A Level Biology Coursebook-Cambridge University Press.pdf","Mary Jones, Richard Fosbery, Dennis Taylor, Jennifer Gregory - Cambridge International AS _ A Level Biology Coursebook-Cambridge University Press.pdf",PDF,50946525,5371933332b64e2ad001157aad9c5e498a5008760bb7a122acda7d33dcc7e2ac,Cambridge International,Biology,Cambridge International AS & A Level,Unknown,Unknown,Textbook / coursebook
E-Library-20260722T233918Z-1-002/E-Library/AS and A Level/E Books/Chemistry/Cambridge International AS _ A Level Chemistry Coursebook with Digital Access (2 Years) - Cambridge University Press (2020).pdf,Cambridge International AS _ A Level Chemistry Coursebook with Digital Access (2 Years) - Cambridge University Press (2020).pdf,PDF,21224864,6b22a4e4e30177fce54908850a03d2d9bbc68f51227b00d842dfa72606c50b1c,Cambridge International,Chemistry,Cambridge International AS & A Level,Unknown,2020,Textbook / coursebook
E-Library-20260722T233918Z-1-002/E-Library/AS and A Level/E Books/Computer Science/Cambridge International AS and A Level Computer Science Coursebook.pdf,Cambridge International AS and A Level Computer Science Coursebook.pdf,PDF,16908469,047c753440f5564a048dba9d416f70169847cb895d58efa6c34b6d62d3f04d7f,Cambridge International,Computer Science,Cambridge International AS & A Level,Unknown,Unknown,Textbook / coursebook
E-Library-20260722T233918Z-1-002/E-Library/AS and A Level/E Books/Math/Cambridge International AS & A level mathematics pure mathematics 2 & 3 worked solutions manual.pdf,Cambridge International AS & A level mathematics pure mathematics 2 & 3 worked solutions manual.pdf,PDF,130705737,0ae55bbcc60a7829df2bc589355602a6390138ec56690c6d0fdba0991cb544e6,Cambridge International,Mathematics,Cambridge International AS & A Level,Unknown,Unknown,Answer key / worked solutions
E-Library-20260722T233918Z-1-002/E-Library/AS and A Level/E Books/Math/Cambridge International As _ A Level Mathematics Probability and Statistics Worked Solutions Manual.pdf,Cambridge International As _ A Level Mathematics Probability and Statistics Worked Solutions Manual.pdf,PDF,55728597,94a3fd939b8a24d12c49d028f34446bb2854073e78c02bdfe0feb2a2290848f2,Cambridge International,Mathematics,Cambridge International AS & A Level,Unknown,Unknown,Answer key / worked solutions
E-Library-20260722T233918Z-1-002/E-Library/AS and A Level/E Books/Math/Cambridge International AS _ A Level Mathematics Pure Mathematics 1 Worked Solutions Manual.pdf,Cambridge International AS _ A Level Mathematics Pure Mathematics 1 Worked Solutions Manual.pdf,PDF,95477155,68976cc038c53381bff4b4acf671068deb6a2158d3926a552e2836ee7144e0f8,Cambridge International,Mathematics,Cambridge International AS & A Level,Unknown,Unknown,Answer key / worked solutions
E-Library-20260722T233918Z-1-002/E-Library/AS and A Level/E Books/Math/Cambridge International AS _ A Level Mathematics Pure Mathematics 2 _ 3 Practice Book - Cambridge University Press (2018).pdf,Cambridge International AS _ A Level Mathematics Pure Mathematics 2 _ 3 Practice Book - Cambridge University Press (2018).pdf,PDF,37737470,7d13b40e750388a287e19039b320cfc13343d06abc061b90227244a39fcde19d,Cambridge International,Mathematics,Cambridge International AS & A Level,Unknown,2018,Workbook / practice
E-Library-20260722T233918Z-1-002/E-Library/AS and A Level/E Books/Physics/Cambridge International AS _ A Level Physics Coursebook with Digital Access (2 Years) - Cambridge University Press (2021).pdf,Cambridge International AS _ A Level Physics Coursebook with Digital Access (2 Years) - Cambridge University Press (2021).pdf,PDF,30335783,905456052d9476a371311f36f5e91245363a54d92f58608b038c4965fdd77b6a,Cambridge International,Physics,Cambridge International AS & A Level,Unknown,2021,Textbook / coursebook
E-Library-20260722T233918Z-1-002/E-Library/IGCSE/E Books/Combined & Coordinated Sciences/Cambridge University Press/IGCSE Coordinaated and Combined Science Answers.pdf,IGCSE Coordinaated and Combined Science Answers.pdf,PDF,3443836,9e944120f36355657144cab072b1337e22b0ae5d6ed8d5490ced44b98663d458,Cambridge International,Unknown,Cambridge IGCSE,Unknown,Unknown,Answer key / worked solutions
E-Library-20260722T233918Z-1-002/E-Library/IGCSE/E Books/Maths/Cambridge IGCSE Mathematics Core and Extended (1).pdf,Cambridge IGCSE Mathematics Core and Extended (1).pdf,PDF,43604273,fb44aaaeeb77a5779a5c00790010646db383899e508d4efa7eb717b8b725c9a8,Cambridge International,Mathematics,Cambridge IGCSE,Unknown,Unknown,Unknown
"E-Library-20260722T233918Z-1-002/E-Library/IGCSE/E Books/Maths/Cambridge IGCSE® Mathematics Coursebook Core and Extended Second Edition (Morrison, Karen, Hamshaw, Nick).pdf","Cambridge IGCSE® Mathematics Coursebook Core and Extended Second Edition (Morrison, Karen, Hamshaw, Nick).pdf",PDF,39063547,a74d612fd10ec0d6f13c06e2ed1cc386d356af2ed81242bc14fa33d9a4bd7022,Cambridge International,Mathematics,Cambridge IGCSE,Unknown,Unknown,Textbook / coursebook
